candidate_id,status,reason,mesh_dimension,packet_count,seed,repeat,trace_mode,process_wall_seconds,process_startup_seconds,graph_build_seconds,graph_validation_seconds,compile_seconds,simulation_wall_seconds,simulation_core_seconds,trace_persist_seconds,trace_compression_seconds,simulated_cycles,simulated_cycles_per_second,completed_packets_per_second,events_per_second,peak_working_set_bytes,peak_managed_bytes,raw_trace_bytes,compressed_trace_bytes,requested_packets,injected_packets,completed_packets,event_count,canonical_delivery_sha256,raw_trace_sha256,topology_canonical_sha256,raw_path
p0-stage-reviewer-scaling-81e4dbdcb1b117cf,completed,Exact packet target injected and drained.,4,10000,0,0,full,0.5561146999971243,0.0427956,0.205956,0.0041657,0.053113,0.0621236,0.019653999999999998,0.0424696,0.1109623,31251,503045.54146894254,160969.42224854967,1507494.7362998924,72208384,22250040,7854214,652161,10000,10000,10000,93651,5dc9bb65cd39dd9bf41f256f6c0942de5159f111a91a9fa6b4f5e915652db2c9,bac0ed203245b0078541bf9a63c6f55e1ec0e138c1928b299aa87a3a6bbd488b,a61ebe0fcca87f68a95fe7aa274877fcd20e3a20d8bf2f72a8d9fde7536aaee1,ARTIFACT_ROOT\experiments\aspdac\results\reviewer_extension_20260717\raw\p0-stage-reviewer-scaling-81e4dbdcb1b117cf.json
p0-stage-reviewer-scaling-2502ceb6c30c836a,completed,Exact packet target injected and drained.,4,10000,0,0,metrics_only,0.4289381999988109,0.0430641,0.1992674,0.004185,0.0506251,0.0164321,0.0164321,0,4e-07,31251,1901826.3033939665,608564.943007893,5699271.547763219,63598592,14493920,0,0,10000,10000,10000,93651,5dc9bb65cd39dd9bf41f256f6c0942de5159f111a91a9fa6b4f5e915652db2c9,,a61ebe0fcca87f68a95fe7aa274877fcd20e3a20d8bf2f72a8d9fde7536aaee1,ARTIFACT_ROOT\experiments\aspdac\results\reviewer_extension_20260717\raw\p0-stage-reviewer-scaling-2502ceb6c30c836a.json
p0-stage-reviewer-scaling-80f0d0152c524c55,completed,Exact packet target injected and drained.,4,10000,1,0,full,0.5530857999983709,0.0443469,0.2075566,0.0044289,0.0505594,0.06527720000000001,0.019138100000000005,0.0461391,0.1095901,31253,478773.5993578155,153192.84528135395,1424019.4125973538,72105984,21800264,7794999,647638,10000,10000,10000,92956,1d188f809adfc71038c6b75861f6755cd6e111b1665db1d2f0bf53679366c593,9e301371a60ab37827d27be1a5086bdfbc6239c9439c4cdcb9a7850950c9c6fb,a61ebe0fcca87f68a95fe7aa274877fcd20e3a20d8bf2f72a8d9fde7536aaee1,ARTIFACT_ROOT\experiments\aspdac\results\reviewer_extension_20260717\raw\p0-stage-reviewer-scaling-80f0d0152c524c55.json
p0-stage-reviewer-scaling-1cf7f8ccd74ad2d5,completed,Exact packet target injected and drained.,4,10000,1,0,metrics_only,0.43645439999818336,0.0544264,0.2129678,0.0043853,0.0560694,0.0196859,0.0196859,0,0,31253,1587582.9908716392,507977.7912109683,4721958.355980677,63696896,14463752,0,0,10000,10000,10000,92956,1d188f809adfc71038c6b75861f6755cd6e111b1665db1d2f0bf53679366c593,,a61ebe0fcca87f68a95fe7aa274877fcd20e3a20d8bf2f72a8d9fde7536aaee1,ARTIFACT_ROOT\experiments\aspdac\results\reviewer_extension_20260717\raw\p0-stage-reviewer-scaling-1cf7f8ccd74ad2d5.json
p0-stage-reviewer-scaling-288f42d1aff4d22e,completed,Exact packet target injected and drained.,4,10000,2,0,full,0.5543558000063058,0.0411368,0.1940372,0.0042171,0.0528217,0.061842600000000005,0.018924700000000003,0.0429179,0.1082248,31254,505379.78674894,161700.83405290204,1508749.6321306024,72192000,21904248,7824927,649955,10000,10000,10000,93305,415b21a8b0764ff7505f793d83d8812f381f8daaf1790cf6f2eb622f35ea7dd6,459b6dd4cc91ee8f4e6766d91816cf9da34fa9e8b01774ea3389a2450d5d1fc8,a61ebe0fcca87f68a95fe7aa274877fcd20e3a20d8bf2f72a8d9fde7536aaee1,ARTIFACT_ROOT\experiments\aspdac\results\reviewer_extension_20260717\raw\p0-stage-reviewer-scaling-288f42d1aff4d22e.json
p0-stage-reviewer-scaling-396e29c59d24a7ec,completed,Exact packet target injected and drained.,4,10000,2,0,metrics_only,0.4295057999988785,0.0456942,0.1998088,0.0041604,0.054194,0.0164127,0.0164127,0,1e-07,31254,1904257.0692207864,609284.2737636099,5684926.916351362,63606784,14452960,0,0,10000,10000,10000,93305,415b21a8b0764ff7505f793d83d8812f381f8daaf1790cf6f2eb622f35ea7dd6,,a61ebe0fcca87f68a95fe7aa274877fcd20e3a20d8bf2f72a8d9fde7536aaee1,ARTIFACT_ROOT\experiments\aspdac\results\reviewer_extension_20260717\raw\p0-stage-reviewer-scaling-396e29c59d24a7ec.json
p0-stage-reviewer-scaling-8cd6a4e255ed6b43,completed,Exact packet target injected and drained.,4,10000,40,0,full,0.5590374999883352,0.0390695,0.1842554,0.0038018,0.0491329,0.0613255,0.0204957,0.0408298,0.1033462,31254,509641.17699814925,163064.30440844348,1526803.695037138,70905856,22145736,7852770,651755,10000,10000,10000,93632,71655de66478c1a9ec99509ddd6502fe9e732d4754bf10c9fcce30efc28bbfba,efcedfdbd8056f29eaa2048e0ccc5476a2c5fd7f2665bbb9cad8da6ce5998339,a61ebe0fcca87f68a95fe7aa274877fcd20e3a20d8bf2f72a8d9fde7536aaee1,ARTIFACT_ROOT\experiments\aspdac\results\reviewer_extension_20260717\raw\p0-stage-reviewer-scaling-8cd6a4e255ed6b43.json
p0-stage-reviewer-scaling-ea0b959901a6d557,completed,Exact packet target injected and drained.,4,10000,40,0,metrics_only,0.3771487000049092,0.0482676,0.1783579,0.0041902,0.0506053,0.0164165,0.0164165,0,7e-07,31254,1903816.282398806,609143.2400328937,5703529.985075991,62664704,14493896,0,0,10000,10000,10000,93632,71655de66478c1a9ec99509ddd6502fe9e732d4754bf10c9fcce30efc28bbfba,,a61ebe0fcca87f68a95fe7aa274877fcd20e3a20d8bf2f72a8d9fde7536aaee1,ARTIFACT_ROOT\experiments\aspdac\results\reviewer_extension_20260717\raw\p0-stage-reviewer-scaling-ea0b959901a6d557.json
p0-stage-reviewer-scaling-646ef0c3df30d357,completed,Exact packet target injected and drained.,4,10000,40,1,full,0.6401179000094999,0.1519104,0.1768231,0.0037407,0.0472648,0.058161,0.018394,0.039767,0.1078335,31254,537370.4028472689,171936.52103643335,1609876.0337683328,70983680,22145736,7852770,651755,10000,10000,10000,93632,71655de66478c1a9ec99509ddd6502fe9e732d4754bf10c9fcce30efc28bbfba,efcedfdbd8056f29eaa2048e0ccc5476a2c5fd7f2665bbb9cad8da6ce5998339,a61ebe0fcca87f68a95fe7aa274877fcd20e3a20d8bf2f72a8d9fde7536aaee1,ARTIFACT_ROOT\experiments\aspdac\results\reviewer_extension_20260717\raw\p0-stage-reviewer-scaling-646ef0c3df30d357.json
p0-stage-reviewer-scaling-970ed2dc15445a09,completed,Exact packet target injected and drained.,4,10000,40,1,metrics_only,0.3718178999988595,0.0423382,0.1784171,0.0038643,0.0501074,0.0168465,0.0168465,0,2e-07,31254,1855222.1529694595,593595.1087763037,5557949.7224942865,62427136,14471976,0,0,10000,10000,10000,93632,71655de66478c1a9ec99509ddd6502fe9e732d4754bf10c9fcce30efc28bbfba,,a61ebe0fcca87f68a95fe7aa274877fcd20e3a20d8bf2f72a8d9fde7536aaee1,ARTIFACT_ROOT\experiments\aspdac\results\reviewer_extension_20260717\raw\p0-stage-reviewer-scaling-970ed2dc15445a09.json
p0-stage-reviewer-scaling-e0c6aa89da77c5f3,completed,Exact packet target injected and drained.,4,10000,40,2,full,0.5121406000107527,0.0423332,0.1800417,0.0039043,0.0473472,0.0593548,0.0181742,0.0411806,0.1049318,31254,526562.2999319348,168478.37074676354,1577496.6809760963,71053312,22216808,7852770,651755,10000,10000,10000,93632,71655de66478c1a9ec99509ddd6502fe9e732d4754bf10c9fcce30efc28bbfba,efcedfdbd8056f29eaa2048e0ccc5476a2c5fd7f2665bbb9cad8da6ce5998339,a61ebe0fcca87f68a95fe7aa274877fcd20e3a20d8bf2f72a8d9fde7536aaee1,ARTIFACT_ROOT\experiments\aspdac\results\reviewer_extension_20260717\raw\p0-stage-reviewer-scaling-e0c6aa89da77c5f3.json
p0-stage-reviewer-scaling-ba49d9d5b0bd58e9,completed,Exact packet target injected and drained.,4,10000,40,2,metrics_only,0.37673889999859966,0.0396839,0.1834781,0.0039968,0.0478355,0.0158834,0.0158834,0,0,31254,1967714.7210295026,629588.1234496393,5894959.517483663,62562304,14493896,0,0,10000,10000,10000,93632,71655de66478c1a9ec99509ddd6502fe9e732d4754bf10c9fcce30efc28bbfba,,a61ebe0fcca87f68a95fe7aa274877fcd20e3a20d8bf2f72a8d9fde7536aaee1,ARTIFACT_ROOT\experiments\aspdac\results\reviewer_extension_20260717\raw\p0-stage-reviewer-scaling-ba49d9d5b0bd58e9.json
p0-stage-reviewer-scaling-912498599d3fb4c7,completed,Exact packet target injected and drained.,4,100000,40,0,full,1.9918841000035172,0.0632186,0.2090432,0.0041142,0.0507821,0.6137679,0.12257230000000002,0.4911956,0.9599444,312503,509155.00794355647,162928.03843276913,1521394.3251186644,74010624,22907832,80176130,6530225,100000,100000,100000,933783,5b414f3e18e6984f7dfe63b3beb704edaf27577d8f825c60aa50cdaed857c43c,177b7553fdff8ee2ed0ba6ce1b36b46687fe9bd054d82a0a5398f34d874c2c2d,a61ebe0fcca87f68a95fe7aa274877fcd20e3a20d8bf2f72a8d9fde7536aaee1,ARTIFACT_ROOT\experiments\aspdac\results\reviewer_extension_20260717\raw\p0-stage-reviewer-scaling-912498599d3fb4c7.json
p0-stage-reviewer-scaling-c54e67097f41d2b7,completed,Exact packet target injected and drained.,4,100000,40,0,metrics_only,0.4929227000102401,0.055508,0.1966853,0.0060951,0.051583,0.0816871,0.0816871,0,0,312503,3825610.163661092,1224183.5002099476,11431217.413765455,72056832,22801248,0,0,100000,100000,100000,933783,5b414f3e18e6984f7dfe63b3beb704edaf27577d8f825c60aa50cdaed857c43c,,a61ebe0fcca87f68a95fe7aa274877fcd20e3a20d8bf2f72a8d9fde7536aaee1,ARTIFACT_ROOT\experiments\aspdac\results\reviewer_extension_20260717\raw\p0-stage-reviewer-scaling-c54e67097f41d2b7.json
p0-stage-reviewer-scaling-316e99fe37b0a3cc,completed,Exact packet target injected and drained.,4,100000,40,1,full,1.8680001000029733,0.0446957,0.2061379,0.004184,0.0496965,0.5771246,0.11633749999999998,0.4607871,0.9078339,312503,541482.7231415885,173272.80798635166,1617992.024599194,72798208,22907816,80176130,6530225,100000,100000,100000,933783,5b414f3e18e6984f7dfe63b3beb704edaf27577d8f825c60aa50cdaed857c43c,177b7553fdff8ee2ed0ba6ce1b36b46687fe9bd054d82a0a5398f34d874c2c2d,a61ebe0fcca87f68a95fe7aa274877fcd20e3a20d8bf2f72a8d9fde7536aaee1,ARTIFACT_ROOT\experiments\aspdac\results\reviewer_extension_20260717\raw\p0-stage-reviewer-scaling-316e99fe37b0a3cc.json
p0-stage-reviewer-scaling-292074367e39c597,completed,Exact packet target injected and drained.,4,100000,40,1,metrics_only,0.4990830000024289,0.044037,0.2032253,0.003853,0.0491118,0.0830236,0.0830236,0,3e-07,312503,3764026.132328639,1204476.7993678905,11247199.59144147,70725632,22823168,0,0,100000,100000,100000,933783,5b414f3e18e6984f7dfe63b3beb704edaf27577d8f825c60aa50cdaed857c43c,,a61ebe0fcca87f68a95fe7aa274877fcd20e3a20d8bf2f72a8d9fde7536aaee1,ARTIFACT_ROOT\experiments\aspdac\results\reviewer_extension_20260717\raw\p0-stage-reviewer-scaling-292074367e39c597.json
p0-stage-reviewer-scaling-389a387171634b84,completed,Exact packet target injected and drained.,4,100000,40,2,full,1.9339163999975426,0.0411834,0.2167259,0.00502,0.0526978,0.603807,0.1232068,0.4806002,0.9421001,312503,517554.4503458887,165615.83419867608,1546492.5050554234,72867840,22907832,80176130,6530225,100000,100000,100000,933783,5b414f3e18e6984f7dfe63b3beb704edaf27577d8f825c60aa50cdaed857c43c,177b7553fdff8ee2ed0ba6ce1b36b46687fe9bd054d82a0a5398f34d874c2c2d,a61ebe0fcca87f68a95fe7aa274877fcd20e3a20d8bf2f72a8d9fde7536aaee1,ARTIFACT_ROOT\experiments\aspdac\results\reviewer_extension_20260717\raw\p0-stage-reviewer-scaling-389a387171634b84.json
p0-stage-reviewer-scaling-30bdc50ab1ad2c9b,completed,Exact packet target injected and drained.,4,100000,40,2,metrics_only,0.4934577999956673,0.0414026,0.2018195,0.0046524,0.0549313,0.0840619,0.0840619,0,8e-07,312503,3717534.340765555,1189599.5688891164,11108278.542359857,70606848,22823168,0,0,100000,100000,100000,933783,5b414f3e18e6984f7dfe63b3beb704edaf27577d8f825c60aa50cdaed857c43c,,a61ebe0fcca87f68a95fe7aa274877fcd20e3a20d8bf2f72a8d9fde7536aaee1,ARTIFACT_ROOT\experiments\aspdac\results\reviewer_extension_20260717\raw\p0-stage-reviewer-scaling-30bdc50ab1ad2c9b.json
p0-stage-reviewer-scaling-ad033ece6dad253f,completed,Exact packet target injected and drained.,4,1000000,40,0,full,15.1630240999948,0.0575396,0.2146126,0.0050603,0.0573185,4.4511140000000005,0.8911158000000006,3.5599982,10.2734015,3125003,702072.1104873971,224662.85967962176,2097468.409031986,74104832,22961912,820286976,65240126,1000000,1000000,1000000,9336071,4e81f05e3f8d9993dad001619937cbc7726473f1c6bb4586be2149808424bb81,406e0d9140fb5cbd18c8ce202ad5ee1e3aede52d925b307262b477e6f015b8bf,a61ebe0fcca87f68a95fe7aa274877fcd20e3a20d8bf2f72a8d9fde7536aaee1,ARTIFACT_ROOT\experiments\aspdac\results\reviewer_extension_20260717\raw\p0-stage-reviewer-scaling-ad033ece6dad253f.json
p0-stage-reviewer-scaling-d053fab363338d01,completed,Exact packet target injected and drained.,4,1000000,40,0,metrics_only,0.9932417999953032,0.0434241,0.2006394,0.0040724,0.0567583,0.586194,0.586194,0,2e-07,3125003,5331004.752692794,1705919.8831786064,15926589.149667175,72560640,22869152,0,0,1000000,1000000,1000000,9336071,4e81f05e3f8d9993dad001619937cbc7726473f1c6bb4586be2149808424bb81,,a61ebe0fcca87f68a95fe7aa274877fcd20e3a20d8bf2f72a8d9fde7536aaee1,ARTIFACT_ROOT\experiments\aspdac\results\reviewer_extension_20260717\raw\p0-stage-reviewer-scaling-d053fab363338d01.json
p0-stage-reviewer-scaling-f58296f1a98c2d7f,completed,Exact packet target injected and drained.,4,1000000,40,1,full,14.192359199994826,0.0449618,0.1871093,0.0040807,0.0495924,4.0270627,0.8185947000000002,3.208468,9.7553012,3125003,776000.5822606139,248319.94793624643,2318332.6646491,74125312,22961912,820286976,65240126,1000000,1000000,1000000,9336071,4e81f05e3f8d9993dad001619937cbc7726473f1c6bb4586be2149808424bb81,406e0d9140fb5cbd18c8ce202ad5ee1e3aede52d925b307262b477e6f015b8bf,a61ebe0fcca87f68a95fe7aa274877fcd20e3a20d8bf2f72a8d9fde7536aaee1,ARTIFACT_ROOT\experiments\aspdac\results\reviewer_extension_20260717\raw\p0-stage-reviewer-scaling-f58296f1a98c2d7f.json
p0-stage-reviewer-scaling-21b74b7c800ee66a,completed,Exact packet target injected and drained.,4,1000000,40,1,metrics_only,1.0011859000078402,0.0499449,0.1948544,0.0040788,0.048294,0.5765639,0.5765639,0,0,3125003,5420046.242922944,1734413.1326987345,16192604.150207808,71372800,22879968,0,0,1000000,1000000,1000000,9336071,4e81f05e3f8d9993dad001619937cbc7726473f1c6bb4586be2149808424bb81,,a61ebe0fcca87f68a95fe7aa274877fcd20e3a20d8bf2f72a8d9fde7536aaee1,ARTIFACT_ROOT\experiments\aspdac\results\reviewer_extension_20260717\raw\p0-stage-reviewer-scaling-21b74b7c800ee66a.json
p0-stage-reviewer-scaling-2556729a87d8e7dd,completed,Exact packet target injected and drained.,4,1000000,40,2,full,14.246216300001834,0.0411661,0.1973038,0.0045572,0.0537308,4.095672700000001,0.8331322000000005,3.2625405,9.7446657,3125003,763001.1548530231,244160.13515923766,2279496.357216239,72679424,22890840,820286976,65240126,1000000,1000000,1000000,9336071,4e81f05e3f8d9993dad001619937cbc7726473f1c6bb4586be2149808424bb81,406e0d9140fb5cbd18c8ce202ad5ee1e3aede52d925b307262b477e6f015b8bf,a61ebe0fcca87f68a95fe7aa274877fcd20e3a20d8bf2f72a8d9fde7536aaee1,ARTIFACT_ROOT\experiments\aspdac\results\reviewer_extension_20260717\raw\p0-stage-reviewer-scaling-2556729a87d8e7dd.json
p0-stage-reviewer-scaling-bcfa3c4aafc57165,completed,Exact packet target injected and drained.,4,1000000,40,2,metrics_only,1.0059351000090828,0.0613664,0.2028768,0.0040971,0.0536509,0.5869573,0.5869573,0,4e-07,3125003,5324072.125859922,1703701.4447217882,15905877.650725188,73142272,22879968,0,0,1000000,1000000,1000000,9336071,4e81f05e3f8d9993dad001619937cbc7726473f1c6bb4586be2149808424bb81,,a61ebe0fcca87f68a95fe7aa274877fcd20e3a20d8bf2f72a8d9fde7536aaee1,ARTIFACT_ROOT\experiments\aspdac\results\reviewer_extension_20260717\raw\p0-stage-reviewer-scaling-bcfa3c4aafc57165.json
p0-stage-reviewer-scaling-54d220c08b9a0f84,completed,Exact packet target injected and drained.,8,10000,40,0,full,0.8039751000032993,0.0448609,0.2586699,0.0114838,0.1168455,0.0826231,0.023278300000000002,0.0593448,0.1772711,7820,94646.65450703254,121031.52750259914,1771647.3964302961,85921792,36501768,12366457,968698,10000,10000,10000,146379,d5b0d6d1c4bf54fd288c7843844454454becafbd75cc17a1ba82e5a7e62019de,e95d5eb7531774770944269ab89003d64ff2638591a5eed91596d7c734591e6b,270e4e74071373a331af527779e946ca3227a38e04164ef5636f61cf355dbeb0,ARTIFACT_ROOT\experiments\aspdac\results\reviewer_extension_20260717\raw\p0-stage-reviewer-scaling-54d220c08b9a0f84.json
p0-stage-reviewer-scaling-371774825947c5a0,completed,Exact packet target injected and drained.,8,10000,40,0,metrics_only,0.611272199996165,0.0461626,0.2776841,0.0138356,0.1284627,0.0211951,0.0211951,0,2e-07,7820,368953.20144750434,471807.16297634825,6906266.070931489,82268160,34013112,0,0,10000,10000,10000,146379,d5b0d6d1c4bf54fd288c7843844454454becafbd75cc17a1ba82e5a7e62019de,,270e4e74071373a331af527779e946ca3227a38e04164ef5636f61cf355dbeb0,ARTIFACT_ROOT\experiments\aspdac\results\reviewer_extension_20260717\raw\p0-stage-reviewer-scaling-371774825947c5a0.json
p0-stage-reviewer-scaling-349c73a123685b20,completed,Exact packet target injected and drained.,8,10000,40,1,full,0.8116785999882268,0.0465657,0.2579561,0.0116229,0.1147887,0.09819230000000001,0.02339060000000001,0.0748017,0.1749847,7820,79639.64587854648,101840.97938433054,1490738.072129892,81313792,23134128,12366457,968698,10000,10000,10000,146379,d5b0d6d1c4bf54fd288c7843844454454becafbd75cc17a1ba82e5a7e62019de,e95d5eb7531774770944269ab89003d64ff2638591a5eed91596d7c734591e6b,270e4e74071373a331af527779e946ca3227a38e04164ef5636f61cf355dbeb0,ARTIFACT_ROOT\experiments\aspdac\results\reviewer_extension_20260717\raw\p0-stage-reviewer-scaling-349c73a123685b20.json
p0-stage-reviewer-scaling-ef38770a4288366e,completed,Exact packet target injected and drained.,8,10000,40,1,metrics_only,0.6159986999991816,0.0496784,0.2997923,0.0134756,0.1379713,0.0184671,0.0184671,0,1e-07,7820,423455.76728343917,541503.5387256256,7926474.649511835,83288064,34010472,0,0,10000,10000,10000,146379,d5b0d6d1c4bf54fd288c7843844454454becafbd75cc17a1ba82e5a7e62019de,,270e4e74071373a331af527779e946ca3227a38e04164ef5636f61cf355dbeb0,ARTIFACT_ROOT\experiments\aspdac\results\reviewer_extension_20260717\raw\p0-stage-reviewer-scaling-ef38770a4288366e.json
p0-stage-reviewer-scaling-9b6afaa77994d1c1,completed,Exact packet target injected and drained.,8,10000,40,2,full,0.8648487000027671,0.0438027,0.2828784,0.0162873,0.1269439,0.09190860000000001,0.026190900000000003,0.0657177,0.1842702,7820,85084.52963052424,108803.74633059364,1592658.3584125966,87068672,36501768,12366457,968698,10000,10000,10000,146379,d5b0d6d1c4bf54fd288c7843844454454becafbd75cc17a1ba82e5a7e62019de,e95d5eb7531774770944269ab89003d64ff2638591a5eed91596d7c734591e6b,270e4e74071373a331af527779e946ca3227a38e04164ef5636f61cf355dbeb0,ARTIFACT_ROOT\experiments\aspdac\results\reviewer_extension_20260717\raw\p0-stage-reviewer-scaling-9b6afaa77994d1c1.json
p0-stage-reviewer-scaling-deb0d43a266d5430,completed,Exact packet target injected and drained.,8,10000,40,2,metrics_only,0.6116865999938454,0.0423753,0.2733159,0.012856,0.1194992,0.0196726,0.0196726,0,1e-07,7820,397507.1927452396,508321.21834429615,7440755.162001973,83271680,34046944,0,0,10000,10000,10000,146379,d5b0d6d1c4bf54fd288c7843844454454becafbd75cc17a1ba82e5a7e62019de,,270e4e74071373a331af527779e946ca3227a38e04164ef5636f61cf355dbeb0,ARTIFACT_ROOT\experiments\aspdac\results\reviewer_extension_20260717\raw\p0-stage-reviewer-scaling-deb0d43a266d5430.json
p0-stage-reviewer-scaling-089dd658647d5d48,completed,Exact packet target injected and drained.,8,100000,40,0,full,2.983060500002466,0.0442179,0.2456796,0.0121618,0.1149505,0.8211651000000001,0.16042880000000004,0.6607363,1.6280014,78131,95146.51803882068,121778.19052465819,1789955.5156447832,87633920,37960488,127121563,9784092,100000,100000,100000,1469849,14837858561a14e45e06cb2cec00c7ebcab646663828f13a410868794ca89522,9419c09f2f7a80a2bf3e66f2276539321ed32af9ba4138a3a1097e8a9d601398,270e4e74071373a331af527779e946ca3227a38e04164ef5636f61cf355dbeb0,ARTIFACT_ROOT\experiments\aspdac\results\reviewer_extension_20260717\raw\p0-stage-reviewer-scaling-089dd658647d5d48.json
p0-stage-reviewer-scaling-74a4a87c10c9a44b,completed,Exact packet target injected and drained.,8,100000,40,0,metrics_only,0.623821000001044,0.0464748,0.257532,0.0113223,0.1157831,0.1067472,0.1067472,0,1e-07,78131,731925.5212314703,936792.7214952711,13769438.448971028,85336064,38078272,0,0,100000,100000,100000,1469849,14837858561a14e45e06cb2cec00c7ebcab646663828f13a410868794ca89522,,270e4e74071373a331af527779e946ca3227a38e04164ef5636f61cf355dbeb0,ARTIFACT_ROOT\experiments\aspdac\results\reviewer_extension_20260717\raw\p0-stage-reviewer-scaling-74a4a87c10c9a44b.json
p0-stage-reviewer-scaling-7ce80518ce1af032,completed,Exact packet target injected and drained.,8,100000,40,1,full,4.282257799990475,0.3474065,0.4624201,0.013675,0.1401641,0.8660745999999999,0.16596009999999994,0.7001145,2.3271368,78131,90212.78305587072,115463.4947151204,1697139.02243525,89649152,38129728,127121563,9784092,100000,100000,100000,1469849,14837858561a14e45e06cb2cec00c7ebcab646663828f13a410868794ca89522,9419c09f2f7a80a2bf3e66f2276539321ed32af9ba4138a3a1097e8a9d601398,270e4e74071373a331af527779e946ca3227a38e04164ef5636f61cf355dbeb0,ARTIFACT_ROOT\experiments\aspdac\results\reviewer_extension_20260717\raw\p0-stage-reviewer-scaling-7ce80518ce1af032.json
p0-stage-reviewer-scaling-e1bd7fefe9bcf441,completed,Exact packet target injected and drained.,8,100000,40,1,metrics_only,0.691301900005783,0.0457952,0.2858134,0.0152069,0.1248346,0.107469,0.107469,0,2e-07,78131,727009.6492942151,930500.8886283487,13676958.006494896,86675456,38176440,0,0,100000,100000,100000,1469849,14837858561a14e45e06cb2cec00c7ebcab646663828f13a410868794ca89522,,270e4e74071373a331af527779e946ca3227a38e04164ef5636f61cf355dbeb0,ARTIFACT_ROOT\experiments\aspdac\results\reviewer_extension_20260717\raw\p0-stage-reviewer-scaling-e1bd7fefe9bcf441.json
p0-stage-reviewer-scaling-21fcc89da5d2ee0b,completed,Exact packet target injected and drained.,8,100000,40,2,full,3.0419356000056723,0.0501461,0.2605176,0.0122323,0.125989,0.8399482,0.16130850000000008,0.6786397,1.6506364,78131,93018.83139936486,119054.96077019988,1749928.1503311752,87506944,37998248,127121563,9784092,100000,100000,100000,1469849,14837858561a14e45e06cb2cec00c7ebcab646663828f13a410868794ca89522,9419c09f2f7a80a2bf3e66f2276539321ed32af9ba4138a3a1097e8a9d601398,270e4e74071373a331af527779e946ca3227a38e04164ef5636f61cf355dbeb0,ARTIFACT_ROOT\experiments\aspdac\results\reviewer_extension_20260717\raw\p0-stage-reviewer-scaling-21fcc89da5d2ee0b.json
p0-stage-reviewer-scaling-8c544675afc1a961,completed,Exact packet target injected and drained.,8,100000,40,2,metrics_only,0.7407666999934008,0.0480007,0.2929183,0.0124193,0.116494,0.1040692,0.1040692,0,1e-07,78131,750760.0711834049,960899.094064334,14123765.725113675,86417408,38061536,0,0,100000,100000,100000,1469849,14837858561a14e45e06cb2cec00c7ebcab646663828f13a410868794ca89522,,270e4e74071373a331af527779e946ca3227a38e04164ef5636f61cf355dbeb0,ARTIFACT_ROOT\experiments\aspdac\results\reviewer_extension_20260717\raw\p0-stage-reviewer-scaling-8c544675afc1a961.json
p0-stage-reviewer-scaling-173ded8cd4702828,completed,Exact packet target injected and drained.,8,1000000,40,0,full,24.288082800005213,0.0494332,0.2441804,0.011211,0.1158743,6.4695944,1.2725573,5.1970371,17.2772909,781261,120758.88404998001,154569.19524970528,2271974.113245801,87670784,38308152,1300622605,98051946,1000000,1000000,1000000,14698751,471a531d18d6453fe158ab0a220961a66add9346c54b025e0bba9617234873f0,f9154a2e07045ea7af07720107536b4ac683f4b91a2d9a9ead93809c32323dbf,270e4e74071373a331af527779e946ca3227a38e04164ef5636f61cf355dbeb0,ARTIFACT_ROOT\experiments\aspdac\results\reviewer_extension_20260717\raw\p0-stage-reviewer-scaling-173ded8cd4702828.json
p0-stage-reviewer-scaling-dafb2d7002386e38,completed,Exact packet target injected and drained.,8,1000000,40,0,metrics_only,1.496615500000189,0.0625189,0.3232994,0.0138909,0.1277331,0.8146189,0.8146189,0,1e-07,781261,959050.9132552657,1227567.884810922,18043714.674432423,87474176,38197976,0,0,1000000,1000000,1000000,14698751,471a531d18d6453fe158ab0a220961a66add9346c54b025e0bba9617234873f0,,270e4e74071373a331af527779e946ca3227a38e04164ef5636f61cf355dbeb0,ARTIFACT_ROOT\experiments\aspdac\results\reviewer_extension_20260717\raw\p0-stage-reviewer-scaling-dafb2d7002386e38.json
p0-stage-reviewer-scaling-10459c160742cd6c,completed,Exact packet target injected and drained.,8,1000000,40,1,full,25.52294389999588,0.0477243,0.2956991,0.0156434,0.1300764,7.436725399999999,1.4438400999999992,5.9928853,17.4796652,781261,105054.43699723,134467.78605002683,1976508.5046706176,87531520,38162840,1300622605,98051946,1000000,1000000,1000000,14698751,471a531d18d6453fe158ab0a220961a66add9346c54b025e0bba9617234873f0,f9154a2e07045ea7af07720107536b4ac683f4b91a2d9a9ead93809c32323dbf,270e4e74071373a331af527779e946ca3227a38e04164ef5636f61cf355dbeb0,ARTIFACT_ROOT\experiments\aspdac\results\reviewer_extension_20260717\raw\p0-stage-reviewer-scaling-10459c160742cd6c.json
p0-stage-reviewer-scaling-d48a3068abfd4799,completed,Exact packet target injected and drained.,8,1000000,40,1,metrics_only,1.3618483000027481,0.0588109,0.276325,0.0119839,0.1185602,0.7982075,0.7982075,0,2e-07,781261,978769.3049739574,1252807.070843108,18414699.185362205,87494656,38193064,0,0,1000000,1000000,1000000,14698751,471a531d18d6453fe158ab0a220961a66add9346c54b025e0bba9617234873f0,,270e4e74071373a331af527779e946ca3227a38e04164ef5636f61cf355dbeb0,ARTIFACT_ROOT\experiments\aspdac\results\reviewer_extension_20260717\raw\p0-stage-reviewer-scaling-d48a3068abfd4799.json
p0-stage-reviewer-scaling-d29df1e9a1e00eef,completed,Exact packet target injected and drained.,8,1000000,40,2,full,27.19942039999296,0.0398313,0.2755292,0.0120876,0.1240343,6.7309711000000005,1.3143922000000003,5.4165789,19.9216882,781261,116069.58169824856,148566.97275078183,2183748.939287527,82046976,24899488,1300622605,98051946,1000000,1000000,1000000,14698751,471a531d18d6453fe158ab0a220961a66add9346c54b025e0bba9617234873f0,f9154a2e07045ea7af07720107536b4ac683f4b91a2d9a9ead93809c32323dbf,270e4e74071373a331af527779e946ca3227a38e04164ef5636f61cf355dbeb0,ARTIFACT_ROOT\experiments\aspdac\results\reviewer_extension_20260717\raw\p0-stage-reviewer-scaling-d29df1e9a1e00eef.json
p0-stage-reviewer-scaling-f502bb189a86e806,completed,Exact packet target injected and drained.,8,1000000,40,2,metrics_only,1.3704448999924352,0.0468596,0.2816509,0.0117673,0.1203216,0.7618092,0.7618092,0,1e-07,781261,1025533.6900630762,1312664.6409625928,19294530.704013553,87416832,38296240,0,0,1000000,1000000,1000000,14698751,471a531d18d6453fe158ab0a220961a66add9346c54b025e0bba9617234873f0,,270e4e74071373a331af527779e946ca3227a38e04164ef5636f61cf355dbeb0,ARTIFACT_ROOT\experiments\aspdac\results\reviewer_extension_20260717\raw\p0-stage-reviewer-scaling-f502bb189a86e806.json
p0-stage-reviewer-scaling-2df331ebb56fea16,completed,Exact packet target injected and drained.,16,10000,40,0,full,1.8063473000074737,0.0464594,0.558519,0.0864475,0.5004381,0.16336,0.0353541,0.1280059,0.2513367,1971,12065.37708129285,61214.49559255631,1560473.8001958863,161165312,106205032,21827190,1729178,10000,10000,10000,254919,d537f3cfddffbe28bceaec79ba5ae48af48c49fdeb58ac7406838603dc1ef3a5,d50d825aee9192afd6d253eb0dcd4e2b1cd795839f6b4bf0ce9a43fe529234ab,829d40b65df3fd65b039dec0c2983d37a62d52b3685b1dd300bd0d12e74c24a3,ARTIFACT_ROOT\experiments\aspdac\results\reviewer_extension_20260717\raw\p0-stage-reviewer-scaling-2df331ebb56fea16.json
p0-stage-reviewer-scaling-f3a1fee489865955,completed,Exact packet target injected and drained.,16,10000,40,0,metrics_only,1.4363174000027357,0.0481196,0.5910845,0.0844855,0.4817708,0.0320832,0.0320832,0,3e-07,1971,61434.02154398564,311689.6070217435,7945560.293237583,163631104,106276576,0,0,10000,10000,10000,254919,d537f3cfddffbe28bceaec79ba5ae48af48c49fdeb58ac7406838603dc1ef3a5,,829d40b65df3fd65b039dec0c2983d37a62d52b3685b1dd300bd0d12e74c24a3,ARTIFACT_ROOT\experiments\aspdac\results\reviewer_extension_20260717\raw\p0-stage-reviewer-scaling-f3a1fee489865955.json
p0-stage-reviewer-scaling-e944c0bf5cb747cb,completed,Exact packet target injected and drained.,16,10000,40,1,full,1.798657399995136,0.0498672,0.5349913,0.0814462,0.5345355,0.1673243,0.034134300000000006,0.13319,0.2445952,1971,11779.520368529855,59764.18248873594,1523502.5635846078,162398208,106232264,21827190,1729178,10000,10000,10000,254919,d537f3cfddffbe28bceaec79ba5ae48af48c49fdeb58ac7406838603dc1ef3a5,d50d825aee9192afd6d253eb0dcd4e2b1cd795839f6b4bf0ce9a43fe529234ab,829d40b65df3fd65b039dec0c2983d37a62d52b3685b1dd300bd0d12e74c24a3,ARTIFACT_ROOT\experiments\aspdac\results\reviewer_extension_20260717\raw\p0-stage-reviewer-scaling-e944c0bf5cb747cb.json
p0-stage-reviewer-scaling-beca1a3f2559a789,completed,Exact packet target injected and drained.,16,10000,40,1,metrics_only,1.4332248999999138,0.0455669,0.5615857,0.1007051,0.4595626,0.0314277,0.0314277,0,3e-07,1971,62715.37528995122,318190.64074049325,8111283.994692579,164073472,106276576,0,0,10000,10000,10000,254919,d537f3cfddffbe28bceaec79ba5ae48af48c49fdeb58ac7406838603dc1ef3a5,,829d40b65df3fd65b039dec0c2983d37a62d52b3685b1dd300bd0d12e74c24a3,ARTIFACT_ROOT\experiments\aspdac\results\reviewer_extension_20260717\raw\p0-stage-reviewer-scaling-beca1a3f2559a789.json
p0-stage-reviewer-scaling-d9033def27a6f19f,completed,Exact packet target injected and drained.,16,10000,40,2,full,1.9843546000047354,0.053129,0.6079941,0.0869985,0.5419017,0.1854288,0.03947400000000001,0.1459548,0.2726615,1971,10629.416789624913,53929.05524923852,1374754.0835080633,162373632,106183112,21827190,1729178,10000,10000,10000,254919,d537f3cfddffbe28bceaec79ba5ae48af48c49fdeb58ac7406838603dc1ef3a5,d50d825aee9192afd6d253eb0dcd4e2b1cd795839f6b4bf0ce9a43fe529234ab,829d40b65df3fd65b039dec0c2983d37a62d52b3685b1dd300bd0d12e74c24a3,ARTIFACT_ROOT\experiments\aspdac\results\reviewer_extension_20260717\raw\p0-stage-reviewer-scaling-d9033def27a6f19f.json
p0-stage-reviewer-scaling-ae972259f991cb34,completed,Exact packet target injected and drained.,16,10000,40,2,metrics_only,1.4947134000103688,0.0556671,0.5657264,0.0910829,0.5473644,0.0316547,0.0316547,0,1e-07,1971,62265.63511895548,315908.8539774504,8053116.914707769,163577856,106178224,0,0,10000,10000,10000,254919,d537f3cfddffbe28bceaec79ba5ae48af48c49fdeb58ac7406838603dc1ef3a5,,829d40b65df3fd65b039dec0c2983d37a62d52b3685b1dd300bd0d12e74c24a3,ARTIFACT_ROOT\experiments\aspdac\results\reviewer_extension_20260717\raw\p0-stage-reviewer-scaling-ae972259f991cb34.json
p0-stage-reviewer-scaling-38adb2ec61bbebd2,completed,Exact packet target injected and drained.,16,100000,40,0,full,5.349764400001732,0.0459174,0.5762528,0.0848799,0.4783146,1.3212339,0.25655380000000005,1.0646801,2.6173996,19553,14799.045044181807,75686.82577702556,1923935.6483359986,161132544,106205032,222707725,17285340,100000,100000,100000,2541969,ad34e5b5dacbf8505962c235022e83c25235fe574edfaa7488a63ee34ec1f084,c29407d4052d06b59bb70cf0ee59ca13b55e069c534d80184666ac886ae12310,829d40b65df3fd65b039dec0c2983d37a62d52b3685b1dd300bd0d12e74c24a3,ARTIFACT_ROOT\experiments\aspdac\results\reviewer_extension_20260717\raw\p0-stage-reviewer-scaling-38adb2ec61bbebd2.json
p0-stage-reviewer-scaling-7a4924fd7eedfd5b,completed,Exact packet target injected and drained.,16,100000,40,0,metrics_only,2.7749648000026355,0.046645,0.5565439,0.081955,1.1071182,0.4502787,0.4502787,0,2e-07,19553,43424.21704602061,222084.67777845144,5645323.662878124,161312768,106276576,0,0,100000,100000,100000,2541969,ad34e5b5dacbf8505962c235022e83c25235fe574edfaa7488a63ee34ec1f084,,829d40b65df3fd65b039dec0c2983d37a62d52b3685b1dd300bd0d12e74c24a3,ARTIFACT_ROOT\experiments\aspdac\results\reviewer_extension_20260717\raw\p0-stage-reviewer-scaling-7a4924fd7eedfd5b.json
p0-stage-reviewer-scaling-9abfa666949250f1,completed,Exact packet target injected and drained.,16,100000,40,1,full,5.40485130000161,0.0516129,0.6119059,0.0839584,0.5350917,1.3119147999999998,0.2513760999999999,1.0605387,2.5831298,19553,14904.16908171171,76224.46213732784,1937602.1979476109,162648064,106303384,222707725,17285340,100000,100000,100000,2541969,ad34e5b5dacbf8505962c235022e83c25235fe574edfaa7488a63ee34ec1f084,c29407d4052d06b59bb70cf0ee59ca13b55e069c534d80184666ac886ae12310,829d40b65df3fd65b039dec0c2983d37a62d52b3685b1dd300bd0d12e74c24a3,ARTIFACT_ROOT\experiments\aspdac\results\reviewer_extension_20260717\raw\p0-stage-reviewer-scaling-9abfa666949250f1.json
p0-stage-reviewer-scaling-5cd584aa6363f74b,completed,Exact packet target injected and drained.,16,100000,40,1,metrics_only,1.626709899996058,0.0456825,0.560586,0.0858878,0.5080267,0.1996072,0.1996072,0,4e-07,19553,97957.3883106421,500983.93244331866,12734856.257690102,160333824,106254656,0,0,100000,100000,100000,2541969,ad34e5b5dacbf8505962c235022e83c25235fe574edfaa7488a63ee34ec1f084,,829d40b65df3fd65b039dec0c2983d37a62d52b3685b1dd300bd0d12e74c24a3,ARTIFACT_ROOT\experiments\aspdac\results\reviewer_extension_20260717\raw\p0-stage-reviewer-scaling-5cd584aa6363f74b.json
p0-stage-reviewer-scaling-7ed39d67ae942a11,completed,Exact packet target injected and drained.,16,100000,40,2,full,5.908931300000404,0.0453592,0.5886422,0.0867143,0.4928207,1.3687761,0.26352909999999996,1.105247,3.1020701,19553,14285.024409762853,73057.96762523834,1857110.8890635949,162705408,106281464,222707725,17285340,100000,100000,100000,2541969,ad34e5b5dacbf8505962c235022e83c25235fe574edfaa7488a63ee34ec1f084,c29407d4052d06b59bb70cf0ee59ca13b55e069c534d80184666ac886ae12310,829d40b65df3fd65b039dec0c2983d37a62d52b3685b1dd300bd0d12e74c24a3,ARTIFACT_ROOT\experiments\aspdac\results\reviewer_extension_20260717\raw\p0-stage-reviewer-scaling-7ed39d67ae942a11.json
p0-stage-reviewer-scaling-9480407e58443000,completed,Exact packet target injected and drained.,16,100000,40,2,metrics_only,1.7391702000022633,0.0480553,0.6094501,0.0959438,0.5474312,0.2057761,0.2057761,0,2e-07,19553,95020.75313896999,485965.0853524778,12353081.820483526,162279424,106156304,0,0,100000,100000,100000,2541969,ad34e5b5dacbf8505962c235022e83c25235fe574edfaa7488a63ee34ec1f084,,829d40b65df3fd65b039dec0c2983d37a62d52b3685b1dd300bd0d12e74c24a3,ARTIFACT_ROOT\experiments\aspdac\results\reviewer_extension_20260717\raw\p0-stage-reviewer-scaling-9480407e58443000.json
p0-stage-reviewer-scaling-c1e0232e4dd319e6,completed,Exact packet target injected and drained.,16,1000000,40,0,full,39.16966100000718,0.0572383,0.5544185,0.0927839,0.500688,12.013920200000001,2.3816541000000004,9.6322661,25.7473693,195338,16259.30560118087,83236.7772844038,2116655.6441751625,161890304,106232272,2278753374,173917607,1000000,1000000,1000000,25429332,8fd4dd0f8b4f954b387a46eb4ceec6b0d1f1059ba51ef95aa8d0b0e9450e8255,dd8fe57e91b2d8c7a3dfaa5dbd7040d43e7a9eec967ac7586c1c200cc866f97c,829d40b65df3fd65b039dec0c2983d37a62d52b3685b1dd300bd0d12e74c24a3,ARTIFACT_ROOT\experiments\aspdac\results\reviewer_extension_20260717\raw\p0-stage-reviewer-scaling-c1e0232e4dd319e6.json
p0-stage-reviewer-scaling-96eefb741e1f0dcf,completed,Exact packet target injected and drained.,16,1000000,40,0,metrics_only,2.7422878999932436,0.0441697,0.5644059,0.0855211,0.5147811,1.2877931,1.2877931,0,0,195338,151684.30394602983,776522.2534582613,19746442.188578274,161509376,106178232,0,0,1000000,1000000,1000000,25429332,8fd4dd0f8b4f954b387a46eb4ceec6b0d1f1059ba51ef95aa8d0b0e9450e8255,,829d40b65df3fd65b039dec0c2983d37a62d52b3685b1dd300bd0d12e74c24a3,ARTIFACT_ROOT\experiments\aspdac\results\reviewer_extension_20260717\raw\p0-stage-reviewer-scaling-96eefb741e1f0dcf.json
p0-stage-reviewer-scaling-21f0b198d168e866,completed,Exact packet target injected and drained.,16,1000000,40,1,full,38.17008950001036,0.0457113,0.5675178,0.0812759,0.4849395,10.691580700000001,2.0955922000000005,8.5959885,26.0564304,195338,18270.26381608848,93531.53926060717,2378444.564329014,160362496,106254192,2278753374,173917607,1000000,1000000,1000000,25429332,8fd4dd0f8b4f954b387a46eb4ceec6b0d1f1059ba51ef95aa8d0b0e9450e8255,dd8fe57e91b2d8c7a3dfaa5dbd7040d43e7a9eec967ac7586c1c200cc866f97c,829d40b65df3fd65b039dec0c2983d37a62d52b3685b1dd300bd0d12e74c24a3,ARTIFACT_ROOT\experiments\aspdac\results\reviewer_extension_20260717\raw\p0-stage-reviewer-scaling-21f0b198d168e866.json
p0-stage-reviewer-scaling-e9f2c84eae9927cc,completed,Exact packet target injected and drained.,16,1000000,40,1,metrics_only,2.8459917000000132,0.051776,0.5595247,0.0959638,0.4761605,1.4504334,1.4504334,0,2e-07,195338,134675.6079941347,689449.0984556753,17532230.021730054,162459648,106227384,0,0,1000000,1000000,1000000,25429332,8fd4dd0f8b4f954b387a46eb4ceec6b0d1f1059ba51ef95aa8d0b0e9450e8255,,829d40b65df3fd65b039dec0c2983d37a62d52b3685b1dd300bd0d12e74c24a3,ARTIFACT_ROOT\experiments\aspdac\results\reviewer_extension_20260717\raw\p0-stage-reviewer-scaling-e9f2c84eae9927cc.json
p0-stage-reviewer-scaling-e3714e4b19a4c0b4,completed,Exact packet target injected and drained.,16,1000000,40,2,full,39.49208520000684,0.0450624,0.573474,0.0873642,0.4643366,12.350144099999998,2.4715266999999983,9.8786174,25.7693722,195338,15816.657556246653,80970.7151514127,2059031.1978627038,162304000,106205040,2278753374,173917607,1000000,1000000,1000000,25429332,8fd4dd0f8b4f954b387a46eb4ceec6b0d1f1059ba51ef95aa8d0b0e9450e8255,dd8fe57e91b2d8c7a3dfaa5dbd7040d43e7a9eec967ac7586c1c200cc866f97c,829d40b65df3fd65b039dec0c2983d37a62d52b3685b1dd300bd0d12e74c24a3,ARTIFACT_ROOT\experiments\aspdac\results\reviewer_extension_20260717\raw\p0-stage-reviewer-scaling-e3714e4b19a4c0b4.json
p0-stage-reviewer-scaling-c7646f2862c561e7,completed,Exact packet target injected and drained.,16,1000000,40,2,metrics_only,2.965412000005017,0.0465076,0.6014965,0.1198475,0.5095303,1.4206136,1.4206136,0,2e-07,195338,137502.55523387922,703921.1788483511,17900245.358766098,162430976,106227384,0,0,1000000,1000000,1000000,25429332,8fd4dd0f8b4f954b387a46eb4ceec6b0d1f1059ba51ef95aa8d0b0e9450e8255,,829d40b65df3fd65b039dec0c2983d37a62d52b3685b1dd300bd0d12e74c24a3,ARTIFACT_ROOT\experiments\aspdac\results\reviewer_extension_20260717\raw\p0-stage-reviewer-scaling-c7646f2862c561e7.json
p0-stage-reviewer-scaling-9a62f3c0b112509c,completed,Exact packet target injected and drained.,32,10000,40,0,full,6.6542067999980645,0.044267,2.0875828,0.8656525,2.4920168,0.3749234,0.0871168,0.2878066,0.4653583,532,1418.9565121835553,26672.114890668334,1244800.9380049363,468111360,266508376,40042576,3806143,10000,10000,10000,466705,3fecd041c782fadc5dd01c2cf62caaad52b3ebb58188c6b43640dc50f85dfa63,de0933edbf0357c41701497a4f83772bfdbebaedc60c26f75679a1ca4b3fc94b,89d012a0e43a6a0759adbfe7e0f9f9a388d9f7cbe8751e2596c2618275312223,ARTIFACT_ROOT\experiments\aspdac\results\reviewer_extension_20260717\raw\p0-stage-reviewer-scaling-9a62f3c0b112509c.json
p0-stage-reviewer-scaling-f13dfc217891d70c,completed,Exact packet target injected and drained.,32,10000,40,0,metrics_only,5.719383200004813,0.045067,2.1766057,0.8587075,2.2605246,0.0468016,0.0468016,0,2e-07,532,11367.132747598373,213667.9087894431,9971988.137157705,464117760,277838920,0,0,10000,10000,10000,466705,3fecd041c782fadc5dd01c2cf62caaad52b3ebb58188c6b43640dc50f85dfa63,,89d012a0e43a6a0759adbfe7e0f9f9a388d9f7cbe8751e2596c2618275312223,ARTIFACT_ROOT\experiments\aspdac\results\reviewer_extension_20260717\raw\p0-stage-reviewer-scaling-f13dfc217891d70c.json
p0-stage-reviewer-scaling-0ba4dad9148f39be,completed,Exact packet target injected and drained.,32,10000,40,1,full,6.8122738000092795,0.0403167,2.2900092,0.8512822,2.321739,0.4055871,0.0897406,0.3158465,0.4354744,532,1311.6787984627717,24655.616512458113,1150689.9504446764,464687104,268080464,40042576,3806143,10000,10000,10000,466705,3fecd041c782fadc5dd01c2cf62caaad52b3ebb58188c6b43640dc50f85dfa63,de0933edbf0357c41701497a4f83772bfdbebaedc60c26f75679a1ca4b3fc94b,89d012a0e43a6a0759adbfe7e0f9f9a388d9f7cbe8751e2596c2618275312223,ARTIFACT_ROOT\experiments\aspdac\results\reviewer_extension_20260717\raw\p0-stage-reviewer-scaling-0ba4dad9148f39be.json
p0-stage-reviewer-scaling-7fe9060e20440c5e,completed,Exact packet target injected and drained.,32,10000,40,1,metrics_only,6.088440699997591,0.0501793,2.2287552,0.9750069,2.4125218,0.0401832,0.0401832,0,2e-07,532,13239.363714189014,248860.22019152282,11614430.906448465,466653184,277083160,0,0,10000,10000,10000,466705,3fecd041c782fadc5dd01c2cf62caaad52b3ebb58188c6b43640dc50f85dfa63,,89d012a0e43a6a0759adbfe7e0f9f9a388d9f7cbe8751e2596c2618275312223,ARTIFACT_ROOT\experiments\aspdac\results\reviewer_extension_20260717\raw\p0-stage-reviewer-scaling-7fe9060e20440c5e.json
p0-stage-reviewer-scaling-96eb0d418341fd9f,completed,Exact packet target injected and drained.,32,10000,40,2,full,7.087966099992627,0.046178,2.1852226,1.0189982,2.7051113,0.3646763,0.08068750000000002,0.2839888,0.440243,532,1458.8280071943254,27421.579082600103,1279778.806574488,463790080,268020992,40042576,3806143,10000,10000,10000,466705,3fecd041c782fadc5dd01c2cf62caaad52b3ebb58188c6b43640dc50f85dfa63,de0933edbf0357c41701497a4f83772bfdbebaedc60c26f75679a1ca4b3fc94b,89d012a0e43a6a0759adbfe7e0f9f9a388d9f7cbe8751e2596c2618275312223,ARTIFACT_ROOT\experiments\aspdac\results\reviewer_extension_20260717\raw\p0-stage-reviewer-scaling-96eb0d418341fd9f.json
p0-stage-reviewer-scaling-5c2a8a46bbe930b4,completed,Exact packet target injected and drained.,32,10000,40,2,metrics_only,6.203297300002305,0.0432933,2.3338523,0.895654,2.3979351,0.0493656,0.0493656,0,7e-07,532,10776.735216426012,202570.2108350754,9454053.024778388,463376384,277949896,0,0,10000,10000,10000,466705,3fecd041c782fadc5dd01c2cf62caaad52b3ebb58188c6b43640dc50f85dfa63,,89d012a0e43a6a0759adbfe7e0f9f9a388d9f7cbe8751e2596c2618275312223,ARTIFACT_ROOT\experiments\aspdac\results\reviewer_extension_20260717\raw\p0-stage-reviewer-scaling-5c2a8a46bbe930b4.json
p0-stage-reviewer-scaling-a07b85a3a6421e5c,completed,Exact packet target injected and drained.,32,100000,40,0,full,12.366357999999309,0.0496855,2.2030326,1.0343115,2.3289684,2.32834,0.5061231999999998,1.8222168,4.0070227,4930,2117.388353934563,42949.05383234408,2007326.6790932596,463888384,281465432,410159372,38212280,100000,100000,100000,4673739,816e730da818a45632f01457b838cdca1dd8a21551b715360cb50379596c4d12,beb2b37859400e3354c25dc0fa158c9afed2f39ef5b7ce0c77bac2ca56c088cf,89d012a0e43a6a0759adbfe7e0f9f9a388d9f7cbe8751e2596c2618275312223,ARTIFACT_ROOT\experiments\aspdac\results\reviewer_extension_20260717\raw\p0-stage-reviewer-scaling-a07b85a3a6421e5c.json
p0-stage-reviewer-scaling-650edcf676448abb,completed,Exact packet target injected and drained.,32,100000,40,0,metrics_only,6.144735199995921,0.0463006,2.2276764,0.9231559,2.2794982,0.2854264,0.2854264,0,1e-07,4930,17272.403673941863,350353.0156986179,16374585.532382427,464064512,276528264,0,0,100000,100000,100000,4673739,816e730da818a45632f01457b838cdca1dd8a21551b715360cb50379596c4d12,,89d012a0e43a6a0759adbfe7e0f9f9a388d9f7cbe8751e2596c2618275312223,ARTIFACT_ROOT\experiments\aspdac\results\reviewer_extension_20260717\raw\p0-stage-reviewer-scaling-650edcf676448abb.json
p0-stage-reviewer-scaling-a7bd56402a20a3e8,completed,Exact packet target injected and drained.,32,100000,40,1,full,12.87049489999481,0.0559847,2.2037481,0.8663812,2.4229526,2.6069046,0.5835368000000001,2.0233678,4.3699226,4930,1891.1317276435816,38359.66993191849,1792830.853879348,463802368,281206416,410159372,38212280,100000,100000,100000,4673739,816e730da818a45632f01457b838cdca1dd8a21551b715360cb50379596c4d12,beb2b37859400e3354c25dc0fa158c9afed2f39ef5b7ce0c77bac2ca56c088cf,89d012a0e43a6a0759adbfe7e0f9f9a388d9f7cbe8751e2596c2618275312223,ARTIFACT_ROOT\experiments\aspdac\results\reviewer_extension_20260717\raw\p0-stage-reviewer-scaling-a7bd56402a20a3e8.json
p0-stage-reviewer-scaling-ee00d6a4cd84b7fa,completed,Exact packet target injected and drained.,32,100000,40,1,metrics_only,6.537206699998933,0.0468328,2.3200465,0.9644404,2.4078594,0.2965129,0.2965129,0,1e-07,4930,16626.59533531256,337253.4550773339,15762346.258796833,465289216,276319176,0,0,100000,100000,100000,4673739,816e730da818a45632f01457b838cdca1dd8a21551b715360cb50379596c4d12,,89d012a0e43a6a0759adbfe7e0f9f9a388d9f7cbe8751e2596c2618275312223,ARTIFACT_ROOT\experiments\aspdac\results\reviewer_extension_20260717\raw\p0-stage-reviewer-scaling-ee00d6a4cd84b7fa.json
p0-stage-reviewer-scaling-d6d31ec85d9c0f74,completed,Exact packet target injected and drained.,32,100000,40,2,full,13.109937499990338,0.0455156,2.1841435,0.9694202,2.4948116,2.8546068,0.6450391999999998,2.2095676,4.2098772,4930,1727.032948986179,35031.0942999225,1637261.9164222546,463904768,281286824,410159372,38212280,100000,100000,100000,4673739,816e730da818a45632f01457b838cdca1dd8a21551b715360cb50379596c4d12,beb2b37859400e3354c25dc0fa158c9afed2f39ef5b7ce0c77bac2ca56c088cf,89d012a0e43a6a0759adbfe7e0f9f9a388d9f7cbe8751e2596c2618275312223,ARTIFACT_ROOT\experiments\aspdac\results\reviewer_extension_20260717\raw\p0-stage-reviewer-scaling-d6d31ec85d9c0f74.json
p0-stage-reviewer-scaling-2c894ef323acf0df,completed,Exact packet target injected and drained.,32,100000,40,2,metrics_only,6.57104999999865,0.0422114,2.2856938,1.0026032,2.4212704,0.2985834,0.2985834,0,2e-07,4930,16511.29969047174,334914.80102376756,15653043.672220225,464076800,276592944,0,0,100000,100000,100000,4673739,816e730da818a45632f01457b838cdca1dd8a21551b715360cb50379596c4d12,,89d012a0e43a6a0759adbfe7e0f9f9a388d9f7cbe8751e2596c2618275312223,ARTIFACT_ROOT\experiments\aspdac\results\reviewer_extension_20260717\raw\p0-stage-reviewer-scaling-2c894ef323acf0df.json
p0-stage-reviewer-scaling-8f4f8f47d0d0780f,completed,Exact packet target injected and drained.,32,1000000,40,0,full,67.94292579998728,0.0438643,2.1626821,0.8842799,2.2772268,21.9484453,4.7306642,17.2177811,40.3258136,48874,2226.763642343269,45561.31362980867,2134642.4933341406,464019456,281793384,4205040818,383784915,1000000,1000000,1000000,46852084,771e7de620e150addcfb26e3faf8224b4b0143c5d552bbca3a0a350f6b561258,c0d06f2014beeb1c3a10ebeb67a0060792195d7f8c66ca921d5bdfe4b991c0b9,89d012a0e43a6a0759adbfe7e0f9f9a388d9f7cbe8751e2596c2618275312223,ARTIFACT_ROOT\experiments\aspdac\results\reviewer_extension_20260717\raw\p0-stage-reviewer-scaling-8f4f8f47d0d0780f.json
p0-stage-reviewer-scaling-76caadd555b6c2fc,completed,Exact packet target injected and drained.,32,1000000,40,0,metrics_only,8.377510899998015,0.0431717,2.2060033,1.0507664,2.391747,2.3488798,2.3488798,0,4e-07,48874,20807.36528110123,425734.8545464097,19946565.16693617,462491648,281782104,0,0,1000000,1000000,1000000,46852084,771e7de620e150addcfb26e3faf8224b4b0143c5d552bbca3a0a350f6b561258,,89d012a0e43a6a0759adbfe7e0f9f9a388d9f7cbe8751e2596c2618275312223,ARTIFACT_ROOT\experiments\aspdac\results\reviewer_extension_20260717\raw\p0-stage-reviewer-scaling-76caadd555b6c2fc.json
p0-stage-reviewer-scaling-e991e46894b8d944,completed,Exact packet target injected and drained.,32,1000000,40,1,full,58.95178619999206,0.0408501,2.2400818,0.8094564,2.0076499,19.626149,4.319909900000001,15.3062391,33.7140421,48874,2490.2491059249573,50952.43086150013,2387227.5707271965,464076800,281567056,4205040818,383784915,1000000,1000000,1000000,46852084,771e7de620e150addcfb26e3faf8224b4b0143c5d552bbca3a0a350f6b561258,c0d06f2014beeb1c3a10ebeb67a0060792195d7f8c66ca921d5bdfe4b991c0b9,89d012a0e43a6a0759adbfe7e0f9f9a388d9f7cbe8751e2596c2618275312223,ARTIFACT_ROOT\experiments\aspdac\results\reviewer_extension_20260717\raw\p0-stage-reviewer-scaling-e991e46894b8d944.json
p0-stage-reviewer-scaling-26f4a4c591190541,completed,Exact packet target injected and drained.,32,1000000,40,1,metrics_only,8.324268700001994,0.0424586,2.0614527,0.8331581,2.6119715,2.4373787,2.4373787,0,1e-07,48874,20051.869658170064,410276.8273145244,19222324.376593594,467546112,281590832,0,0,1000000,1000000,1000000,46852084,771e7de620e150addcfb26e3faf8224b4b0143c5d552bbca3a0a350f6b561258,,89d012a0e43a6a0759adbfe7e0f9f9a388d9f7cbe8751e2596c2618275312223,ARTIFACT_ROOT\experiments\aspdac\results\reviewer_extension_20260717\raw\p0-stage-reviewer-scaling-26f4a4c591190541.json
p0-stage-reviewer-scaling-e3ccc751f1561392,completed,Exact packet target injected and drained.,32,1000000,40,2,full,63.08202070000698,0.0557108,2.241091,0.8388802,2.2105779,23.1236265,4.977282299999999,18.1463442,34.1570157,48874,2113.5958064363303,43245.81181070366,2026156.4076032797,464637952,281841360,4205040818,383784915,1000000,1000000,1000000,46852084,771e7de620e150addcfb26e3faf8224b4b0143c5d552bbca3a0a350f6b561258,c0d06f2014beeb1c3a10ebeb67a0060792195d7f8c66ca921d5bdfe4b991c0b9,89d012a0e43a6a0759adbfe7e0f9f9a388d9f7cbe8751e2596c2618275312223,ARTIFACT_ROOT\experiments\aspdac\results\reviewer_extension_20260717\raw\p0-stage-reviewer-scaling-e3ccc751f1561392.json
p0-stage-reviewer-scaling-9f17fabc5fa33b35,completed,Exact packet target injected and drained.,32,1000000,40,2,metrics_only,7.882560800004285,0.0433936,2.2236825,0.9723621,2.0656818,2.2498133,2.2498133,0,2e-07,48874,21723.58035220078,444481.3265171826,20824876.446414463,463458304,281657464,0,0,1000000,1000000,1000000,46852084,771e7de620e150addcfb26e3faf8224b4b0143c5d552bbca3a0a350f6b561258,,89d012a0e43a6a0759adbfe7e0f9f9a388d9f7cbe8751e2596c2618275312223,ARTIFACT_ROOT\experiments\aspdac\results\reviewer_extension_20260717\raw\p0-stage-reviewer-scaling-9f17fabc5fa33b35.json
